filename,type,description,key_features
main.py,FastAPI App,"Main FastAPI application with authentication endpoints, CORS configuration, and password hashing","Registration, Login, Password hashing, CORS, Error handling"
models.py,Database Models,SQLAlchemy ORM models defining the User table structure,"User model with id, username, email, hashed_password, timestamps"
schemas.py,Pydantic Schemas,Request/response validation models using Pydantic,"UserCreate, UserLogin, UserResponse, validation rules"
database.py,Database Config,SQLAlchemy database connection and session management,"SQLite connection, session factory, database dependency"
requirements.txt,Dependencies,Python package dependencies list,"FastAPI, SQLAlchemy, Passlib, Pydantic, Uvicorn"
script_updated.js,Frontend JS,Updated JavaScript file with API integration for your HTML forms,"API calls, error handling, form validation, user feedback"
README.md,Documentation,Comprehensive setup and usage documentation,"Installation guide, API docs, troubleshooting, examples"
.env.template,Configuration,Environment variables template for server configuration,"Database URL, CORS origins, server settings"
start_server.sh,Startup Script,Linux/Mac bash script to start the FastAPI server,"Dependency installation, server startup, user guidance"
start_server.bat,Startup Script,Windows batch script to start the FastAPI server,"Dependency installation, server startup, user guidance"
test_api.py,Testing,API testing script to verify all endpoints work correctly,"Automated testing, registration test, login test, error handling"
